Workbook

Sheet Übersicht
A1: Radsportzentrum Köln-Müngersdorf · Beleuchtung Radbahn / Spielfläche
A2: Fluterliste mit Abständen ab den weiß-roten Bezugspunkten (Grundriss Dachkonstruktion, Layout 2)
A4: Maßstab des PDFs | B4: 1:200 | C4: Abgeleitet aus dem Basketballfeld im Plan: Innenmaß 28,0 x 15,0 m = 397,1 x 212,6 pt; umlaufend 2,0 m Auslauf. Das Schriftfeld nennt 1:50 (Original-Layout 1950 x 841 mm), gilt aber nicht für dieses PDF.
A5: Punkte pro Meter | B5: 14.1821 | C5: Umrechnung PDF-Punkte in Meter
A6: Messgrundlage | B6: PDF-Vektordaten | C6: Abstände entlang der Trägerachse, gemessen auf die Symbolmitte der Fluter; Genauigkeit ca. ±0,05 m
A7: Koordinatenursprung | B7: Q4-M | C7: Mittelpunkt Querträger Q4 = Spielfeldmitte; X nach rechts, Y nach oben (Blattansicht)
A8: Bezugspunkte Querträger | B8: Q1-M bis Q7-M | C8: Messung nach links und rechts bis zum Trägerende
A9: Bezugspunkte Ringe | B9: jeder 2. Ringpunkt | C9: Ab KA01 bzw. KI01 abwechselnd weiß-rot / gelb (T-Stöße am Innenring mitgezählt); Messung beidseitig bis zum nächsten gelben Punkt
A10: UZS | B10: Uhrzeigersinn | C10: Seite bei Ringen: gegen UZS = Richtung vorheriger Punkt, im UZS = Richtung nächster Punkt
A11: Restmaß | C11: Abstand Bezugspunkt-Endpunkt minus Abstand des Fluters
A12: Kettenmaß | C12: Abstand zum vorherigen Fluter auf derselben Seite desselben Bezugspunkts (erster Fluter: ab Bezugspunkt)
A14: Fluter je Leuchtentyp | B14: Anzahl | C14: Leuchte
A15: LS 01 | B15: =COUNTIF(Fluter!$C:$C,A15) -> 140 | C15: LED Fluter Sirius 1000W, 5.000K (Ra1-Ra66, Ri1-Ri74)
A16: LS 01.1 | B16: =COUNTIF(Fluter!$C:$C,A16) -> 48 | C16: LED Fluter Sirius 1000W, 5.700K (B1-B48)
A17: LS 02 | B17: =COUNTIF(Fluter!$C:$C,A17) -> 24 | C17: LED Fluter Sirius 500, 5.700K (B49-B72)
A18: LS 04 | B18: =COUNTIF(Fluter!$C:$C,A18) -> 40 | C18: LED Fluter Sirius 500, 5.000K (A1-A40)
A19: LS 06 | B19: =COUNTIF(Fluter!$C:$C,A19) -> 65 | C19: LED Fluter FL21 Mini, 4.000K (Si1-Si65)
A20: Summe | B20: =SUM(B15:B19) -> 317
A22: Fluter je Bauteil | B22: Anzahl
A23: Querträger Q1 | B23: =COUNTIF(Fluter!$E:$E,A23) -> 10
A24: Querträger Q2 | B24: =COUNTIF(Fluter!$E:$E,A24) -> 20
A25: Querträger Q3 | B25: =COUNTIF(Fluter!$E:$E,A25) -> 25
A26: Querträger Q4 | B26: =COUNTIF(Fluter!$E:$E,A26) -> 12
A27: Querträger Q5 | B27: =COUNTIF(Fluter!$E:$E,A27) -> 25
A28: Querträger Q6 | B28: =COUNTIF(Fluter!$E:$E,A28) -> 20
A29: Querträger Q7 | B29: =COUNTIF(Fluter!$E:$E,A29) -> 10
A30: Außenring | B30: =COUNTIF(Fluter!$E:$E,A30) -> 95
A31: Innenring | B31: =COUNTIF(Fluter!$E:$E,A31) -> 100
A32: Summe | B32: =SUM(B23:B31) -> 317
A34: Vorschaltgeräte gesamt | B34: =COUNTA(Vorschaltgeräte!A:A)-1 -> 88
A36: Tabellenblätter
A37: Fluter | C37: Alle Fluter mit Bezugspunkt, Seite, Abstand, Endpunkt, Restmaß, Kettenmaß, Koordinaten
A38: Bezugspunkte | C38: Weiß-rote Bezugspunkte mit beiden Endpunkten und Längen
A39: Vorschaltgeräte | C39: Lage der Vorschaltgeräte (nur Information)
A40: Trägerpunkte | C40: Alle Knick-, T- und Mittelpunkte mit Farbe und Koordinaten
A42: Quelle: PDF "153954_Radsportzentrum_Koeln_Layout2_ohne_Beschriftung", ausgewertet mit PyMuPDF; Plan mit Markierungen: Radsportzentrum_Koeln_Traeger_Knotenpunkte.pdf

Sheet Fluter
A1: Nr. | B1: Fluter | C1: Leuchtentyp | D1: Leuchte | E1: Bauteil | F1: Bezugspunkt | G1: Seite | H1: Abstand ab Bezugspunkt [m] | I1: Endpunkt (nächster gelber Punkt) | J1: Abstand Bezugspunkt - Endpunkt [m] | K1: Restmaß Fluter - Endpunkt [m] | L1: Kettenmaß zum vorherigen Fluter [m] | M1: X [m] | N1: Y [m]
A2: 1 | B2: A3 | C2: LS 04 | D2: LED Fluter Sirius 500, 5.000K | E2: Querträger Q1 | F2: Q1-M | G2: links | H2: 1.575 | I2: =IF(OR(G2="links",G2="gegen UZS"),INDEX(Bezugspunkte!$C:$C,MATCH(F2,Bezugspunkte!$A:$A,0)),INDEX(Bezugspunkte!$E:$E,MATCH(F2,Bezugspunkte!$A:$A,0))) -> Q1-L | J2: =IF(OR(G2="links",G2="gegen UZS"),INDEX(Bezugspunkte!$D:$D,MATCH(F2,Bezugspunkte!$A:$A,0)),INDEX(Bezugspunkte!$F:$F,MATCH(F2,Bezugspunkte!$A:$A,0))) -> 14.602 | K2: =J2-H2 -> 13.027 | L2: =H2 -> 1.575 | M2: -1.522 | N2: 33.482
A3: 2 | B3: Si31 | C3: LS 06 | D3: LED Fluter FL21 Mini, 4.000K | E3: Querträger Q1 | F3: Q1-M | G3: links | H3: 2.626 | I3: =IF(OR(G3="links",G3="gegen UZS"),INDEX(Bezugspunkte!$C:$C,MATCH(F3,Bezugspunkte!$A:$A,0)),INDEX(Bezugspunkte!$E:$E,MATCH(F3,Bezugspunkte!$A:$A,0))) -> Q1-L | J3: =IF(OR(G3="links",G3="gegen UZS"),INDEX(Bezugspunkte!$D:$D,MATCH(F3,Bezugspunkte!$A:$A,0)),INDEX(Bezugspunkte!$F:$F,MATCH(F3,Bezugspunkte!$A:$A,0))) -> 14.602 | K3: =J3-H3 -> 11.976 | L3: =IF(AND(F3=F2,G3=G2),H3-H2,H3) -> 1.051 | M3: -2.573 | N3: 33.482
A4: 3 | B4: Si30 | C4: LS 06 | D4: LED Fluter FL21 Mini, 4.000K | E4: Querträger Q1 | F4: Q1-M | G4: links | H4: 3.627 | I4: =IF(OR(G4="links",G4="gegen UZS"),INDEX(Bezugspunkte!$C:$C,MATCH(F4,Bezugspunkte!$A:$A,0)),INDEX(Bezugspunkte!$E:$E,MATCH(F4,Bezugspunkte!$A:$A,0))) -> Q1-L | J4: =IF(OR(G4="links",G4="gegen UZS"),INDEX(Bezugspunkte!$D:$D,MATCH(F4,Bezugspunkte!$A:$A,0)),INDEX(Bezugspunkte!$F:$F,MATCH(F4,Bezugspunkte!$A:$A,0))) -> 14.602 | K4: =J4-H4 -> 10.975 | L4: =IF(AND(F4=F3,G4=G3),H4-H3,H4) -> 1.001 | M4: -3.574 | N4: 33.482
A5: 4 | B5: A1 | C5: LS 04 | D5: LED Fluter Sirius 500, 5.000K | E5: Querträger Q1 | F5: Q1-M | G5: links | H5: 6.18 | I5: =IF(OR(G5="links",G5="gegen UZS"),INDEX(Bezugspunkte!$C:$C,MATCH(F5,Bezugspunkte!$A:$A,0)),INDEX(Bezugspunkte!$E:$E,MATCH(F5,Bezugspunkte!$A:$A,0))) -> Q1-L | J5: =IF(OR(G5="links",G5="gegen UZS"),INDEX(Bezugspunkte!$D:$D,MATCH(F5,Bezugspunkte!$A:$A,0)),INDEX(Bezugspunkte!$F:$F,MATCH(F5,Bezugspunkte!$A:$A,0))) -> 14.602 | K5: =J5-H5 -> 8.422 | L5: =IF(AND(F5=F4,G5=G4),H5-H4,H5) -> 2.553 | M5: -6.127 | N5: 33.482
A6: 5 | B6: A2 | C6: LS 04 | D6: LED Fluter Sirius 500, 5.000K | E6: Querträger Q1 | F6: Q1-M | G6: links | H6: 7.724 | I6: =IF(OR(G6="links",G6="gegen UZS"),INDEX(Bezugspunkte!$C:$C,MATCH(F6,Bezugspunkte!$A:$A,0)),INDEX(Bezugspunkte!$E:$E,MATCH(F6,Bezugspunkte!$A:$A,0))) -> Q1-L | J6: =IF(OR(G6="links",G6="gegen UZS"),INDEX(Bezugspunkte!$D:$D,MATCH(F6,Bezugspunkte!$A:$A,0)),INDEX(Bezugspunkte!$F:$F,MATCH(F6,Bezugspunkte!$A:$A,0))) -> 14.602 | K6: =J6-H6 -> 6.878 | L6: =IF(AND(F6=F5,G6=G5),H6-H5,H6) -> 1.544 | M6: -7.671 | N6: 33.482
A7: 6 | B7: A4 | C7: LS 04 | D7: LED Fluter Sirius 500, 5.000K | E7: Querträger Q1 | F7: Q1-M | G7: rechts | H7: 2.268 | I7: =IF(OR(G7="links",G7="gegen UZS"),INDEX(Bezugspunkte!$C:$C,MATCH(F7,Bezugspunkte!$A:$A,0)),INDEX(Bezugspunkte!$E:$E,MATCH(F7,Bezugspunkte!$A:$A,0))) -> Q1-R | J7: =IF(OR(G7="links",G7="gegen UZS"),INDEX(Bezugspunkte!$D:$D,MATCH(F7,Bezugspunkte!$A:$A,0)),INDEX(Bezugspunkte!$F:$F,MATCH(F7,Bezugspunkte!$A:$A,0))) -> 14.602 | K7: =J7-H7 -> 12.334 | L7: =IF(AND(F7=F6,G7=G6),H7-H6,H7) -> 2.268 | M7: 2.32 | N7: 33.482
A8: 7 | B8: Si32 | C8: LS 06 | D8: LED Fluter FL21 Mini, 4.000K | E8: Querträger Q1 | F8: Q1-M | G8: rechts | H8: 3.17 | I8: =IF(OR(G8="links",G8="gegen UZS"),INDEX(Bezugspunkte!$C:$C,MATCH(F8,Bezugspunkte!$A:$A,0)),INDEX(Bezugspunkte!$E:$E,MATCH(F8,Bezugspunkte!$A:$A,0))) -> Q1-R | J8: =IF(OR(G8="links",G8="gegen UZS"),INDEX(Bezugspunkte!$D:$D,MATCH(F8,Bezugspunkte!$A:$A,0)),INDEX(Bezugspunkte!$F:$F,MATCH(F8,Bezugspunkte!$A:$A,0))) -> 14.602 | K8: =J8-H8 -> 11.432 | L8: =IF(AND(F8=F7,G8=G7),H8-H7,H8) -> 0.902 | M8: 3.223 | N8: 33.482
A9: 8 | B9: Si33 | C9: LS 06 | D9: LED Fluter FL21 Mini, 4.000K | E9: Querträger Q1 | F9: Q1-M | G9: rechts | H9: 4.171 | I9: =IF(OR(G9="links",G9="gegen UZS"),INDEX(Bezugspunkte!$C:$C,MATCH(F9,Bezugspunkte!$A:$A,0)),INDEX(Bezugspunkte!$E:$E,MATCH(F9,Bezugspunkte!$A:$A,0))) -> Q1-R | J9: =IF(OR(G9="links",G9="gegen UZS"),INDEX(Bezugspunkte!$D:$D,MATCH(F9,Bezugspunkte!$A:$A,0)),INDEX(Bezugspunkte!$F:$F,MATCH(F9,Bezugspunkte!$A:$A,0))) -> 14.602 | K9: =J9-H9 -> 10.431 | L9: =IF(AND(F9=F8,G9=G8),H9-H8,H9) -> 1.001 | M9: 4.224 | N9: 33.482
A10: 9 | B10: A5 | C10: LS 04 | D10: LED Fluter Sirius 500, 5.000K | E10: Querträger Q1 | F10: Q1-M | G10: rechts | H10: 6.717 | I10: =IF(OR(G10="links",G10="gegen UZS"),INDEX(Bezugspunkte!$C:$C,MATCH(F10,Bezugspunkte!$A:$A,0)),INDEX(Bezugspunkte!$E:$E,MATCH(F10,Bezugspunkte!$A:$A,0))) -> Q1-R | J10: =IF(OR(G10="links",G10="gegen UZS"),INDEX(Bezugspunkte!$D:$D,MATCH(F10,Bezugspunkte!$A:$A,0)),INDEX(Bezugspunkte!$F:$F,MATCH(F10,Bezugspunkte!$A:$A,0))) -> 14.602 | K10: =J10-H10 -> 7.885 | L10: =IF(AND(F10=F9,G10=G9),H10-H9,H10) -> 2.546 | M10: 6.77 | N10: 33.482
A11: 10 | B11: A6 | C11: LS 04 | D11: LED Fluter Sirius 500, 5.000K | E11: Querträger Q1 | F11: Q1-M | G11: rechts | H11: 8.268 | I11: =IF(OR(G11="links",G11="gegen UZS"),INDEX(Bezugspunkte!$C:$C,MATCH(F11,Bezugspunkte!$A:$A,0)),INDEX(Bezugspunkte!$E:$E,MATCH(F11,Bezugspunkte!$A:$A,0))) -> Q1-R | J11: =IF(OR(G11="links",G11="gegen UZS"),INDEX(Bezugspunkte!$D:$D,MATCH(F11,Bezugspunkte!$A:$A,0)),INDEX(Bezugspunkte!$F:$F,MATCH(F11,Bezugspunkte!$A:$A,0))) -> 14.602 | K11: =J11-H11 -> 6.334 | L11: =IF(AND(F11=F10,G11=G10),H11-H10,H11) -> 1.551 | M11: 8.321 | N11: 33.482
A12: 11 | B12: B5 | C12: LS 01.1 | D12: LED Fluter Sirius 1000W, 5.700K | E12: Querträger Q2 | F12: Q2-M | G12: links | H12: 0.683 | I12: =IF(OR(G12="links",G12="gegen UZS"),INDEX(Bezugspunkte!$C:$C,MATCH(F12,Bezugspunkte!$A:$A,0)),INDEX(Bezugspunkte!$E:$E,MATCH(F12,Bezugspunkte!$A:$A,0))) -> KI16 | J12: =IF(OR(G12="links",G12="gegen UZS"),INDEX(Bezugspunkte!$D:$D,MATCH(F12,Bezugspunkte!$A:$A,0)),INDEX(Bezugspunkte!$F:$F,MATCH(F12,Bezugspunkte!$A:$A,0))) -> 17.025 | K12: =J12-H12 -> 16.342 | L12: =IF(AND(F12=F11,G12=G11),H12-H11,H12) -> 0.683 | M12: -0.627 | N12: 21.986
A13: 12 | B13: A10 | C13: LS 04 | D13: LED Fluter Sirius 500, 5.000K | E13: Querträger Q2 | F13: Q2-M | G13: links | H13: 2.883 | I13: =IF(OR(G13="links",G13="gegen UZS"),INDEX(Bezugspunkte!$C:$C,MATCH(F13,Bezugspunkte!$A:$A,0)),INDEX(Bezugspunkte!$E:$E,MATCH(F13,Bezugspunkte!$A:$A,0))) -> KI16 | J13: =IF(OR(G13="links",G13="gegen UZS"),INDEX(Bezugspunkte!$D:$D,MATCH(F13,Bezugspunkte!$A:$A,0)),INDEX(Bezugspunkte!$F:$F,MATCH(F13,Bezugspunkte!$A:$A,0))) -> 17.025 | K13: =J13-H13 -> 14.142 | L13: =IF(AND(F13=F12,G13=G12),H13-H12,H13) -> 2.2 | M13: -2.827 | N13: 21.986
A14: 13 | B14: B4 | C14: LS 01.1 | D14: LED Fluter Sirius 1000W, 5.700K | E14: Querträger Q2 | F14: Q2-M | G14: links | H14: 3.877 | I14: =IF(OR(G14="links",G14="gegen UZS"),INDEX(Bezugspunkte!$C:$C,MATCH(F14,Bezugspunkte!$A:$A,0)),INDEX(Bezugspunkte!$E:$E,MATCH(F14,Bezugspunkte!$A:$A,0))) -> KI16 | J14: =IF(OR(G14="links",G14="gegen UZS"),INDEX(Bezugspunkte!$D:$D,MATCH(F14,Bezugspunkte!$A:$A,0)),INDEX(Bezugspunkte!$F:$F,MATCH(F14,Bezugspunkte!$A:$A,0))) -> 17.025 | K14: =J14-H14 -> 13.148 | L14: =IF(AND(F14=F13,G14=G13),H14-H13,H14) -> 0.994 | M14: -3.821 | N14: 21.986
... A318: 317 | B318: Ri74 | C318: LS 01 | D318: LED Fluter Sirius 1000W, 5.000K | E318: Innenring | F318: KI19 | G318: im UZS | H318: 5.073 | I318: =IF(OR(G318="links",G318="gegen UZS"),INDEX(Bezugspunkte!$C:$C,MATCH(F318,Bezugspunkte!$A:$A,0)),INDEX(Bezugspunkte!$E:$E,MATCH(F318,Bezugspunkte!$A:$A,0))) -> KI20 | J318: =IF(OR(G318="links",G318="gegen UZS"),INDEX(Bezugspunkte!$D:$D,MATCH(F318,Bezugspunkte!$A:$A,0)),INDEX(Bezugspunkte!$F:$F,MATCH(F318,Bezugspunkte!$A:$A,0))) -> 6.486 | K318: =J318-H318 -> 1.413 | L318: =IF(AND(F318=F317,G318=G317),H318-H317,H318) -> 2.718 | M318: -4.124 | N318: 42.831

Sheet Bezugspunkte
A1: Bezugspunkt | B1: Bauteil | C1: Endpunkt links / gegen UZS | D1: Abstand [m] | E1: Endpunkt rechts / im UZS | F1: Abstand [m] | G1: Gesamtlänge [m] | H1: Anzahl Fluter | I1: X [m] | J1: Y [m]
A2: Q1-M | B2: Querträger Q1 | C2: Q1-L | D2: 14.602 | E2: Q1-R | F2: 14.602 | G2: =D2+F2 -> 29.204 | H2: =COUNTIF(Fluter!$F:$F,A2) -> 10 | I2: 0.053 | J2: 33.482
A3: Q2-M | B3: Querträger Q2 | C3: KI16 | D3: 17.025 | E3: KI05 | F3: 17.008 | G3: =D3+F3 -> 34.033 | H3: =COUNTIF(Fluter!$F:$F,A3) -> 20 | I3: 0.056 | J3: 21.986
A4: Q3-M | B4: Querträger Q3 | C4: Q3-L | D4: 17.042 | E4: Q3-R | F4: 17.04 | G4: =D4+F4 -> 34.082 | H4: =COUNTIF(Fluter!$F:$F,A4) -> 25 | I4: 0 | J4: 6.646
A5: Q4-M | B5: Querträger Q4 | C5: Q4-L | D5: 17.042 | E5: Q4-R | F5: 17.08 | G5: =D5+F5 -> 34.122 | H5: =COUNTIF(Fluter!$F:$F,A5) -> 12 | I5: 0 | J5: 0
A6: Q5-M | B6: Querträger Q5 | C6: Q5-L | D6: 17.041 | E6: Q5-R | F6: 17.042 | G6: =D6+F6 -> 34.083 | H6: =COUNTIF(Fluter!$F:$F,A6) -> 25 | I6: 0 | J6: -6.649
A7: Q6-M | B7: Querträger Q6 | C7: KI15 | D7: 17.048 | E7: KI06 | F7: 17.042 | G7: =D7+F7 -> 34.09 | H7: =COUNTIF(Fluter!$F:$F,A7) -> 20 | I7: 0.033 | J7: -21.989
A8: Q7-M | B8: Querträger Q7 | C8: Q7-L | D8: 14.602 | E8: Q7-R | F8: 14.602 | G8: =D8+F8 -> 29.204 | H8: =COUNTIF(Fluter!$F:$F,A8) -> 10 | I8: 0.053 | J8: -33.477
A9: KA01 | B9: Außenring | C9: KA32 | D9: 8.333 | E9: KA02 | F9: 8.334 | G9: =D9+F9 -> 16.667 | H9: =COUNTIF(Fluter!$F:$F,A9) -> 4 | I9: 4.789 | J9: 56.962
A10: KA03 | B10: Außenring | C10: KA02 | D10: 8.078 | E10: KA04 | F10: 8.207 | G10: =D10+F10 -> 16.285 | H10: =COUNTIF(Fluter!$F:$F,A10) -> 4 | I10: 19.333 | J10: 49.488
A11: KA05 | B11: Außenring | C11: KA04 | D11: 7.441 | E11: KA06 | F11: 7.344 | G11: =D11+F11 -> 14.785 | H11: =COUNTIF(Fluter!$F:$F,A11) -> 5 | I11: 28.823 | J11: 37.067
A12: KA07 | B12: Außenring | C12: KA06 | D12: 7.94 | E12: KA08 | F12: 7.563 | G12: =D12+F12 -> 15.503 | H12: =COUNTIF(Fluter!$F:$F,A12) -> 6 | I12: 33.599 | J12: 22.794
A13: KA09 | B13: Außenring | C13: KA08 | D13: 31.238 | E13: KA10 | F13: 7.468 | G13: =D13+F13 -> 38.706 | H13: =COUNTIF(Fluter!$F:$F,A13) -> 15 | I13: 33.937 | J13: -15.997
... A39: KI19 | B39: Innenring | C39: KI18 | D39: 6.584 | E39: KI20 | F39: 6.486 | G39: =D39+F39 -> 13.07 | H39: =COUNTIF(Fluter!$F:$F,A39) -> 5 | I39: -8.725 | J39: 40.683
A41: Summe | G41: =SUM(G2:G39) -> 738.703 | H41: =SUM(H2:H39) -> 317

Sheet Vorschaltgeräte
A1: Vorschaltgerät | B1: Versorgte Fluter | C1: Bauteil | D1: Bezugspunkt | E1: Seite | F1: Lage ab Bezugspunkt [m] (nur Information, keine Bemaßung)
A2: VG A1 | B2: A1 - A3 | C2: Querträger Q1 | D2: Q1-M | E2: links | F2: 5.425
A3: VG A2 | B3: A4 - A6 | C3: Querträger Q1 | D3: Q1-M | E3: rechts | F3: 5.976
A4: VG B3 | B4: B5 - B6 | C4: Querträger Q2 | D4: Q2-M | E4: links | F4: 0.013
A5: VG B2 | B5: B3 - B4 | C5: Querträger Q2 | D5: Q2-M | E5: links | F5: 6.599
A6: VG A3 | B6: A7 - A10 | C6: Querträger Q2 | D6: Q2-M | E6: links | F6: 7.544
A7: VG B1 | B7: B1 - B2 | C7: Querträger Q2 | D7: Q2-M | E7: links | F7: 14.912
A8: VG B4 | B8: B7 - B8 | C8: Querträger Q2 | D8: Q2-M | E8: rechts | F8: 6.516
A9: VG A4 | B9: A11 - A14 | C9: Querträger Q2 | D9: Q2-M | E9: rechts | F9: 7.729
A10: VG B5 | B10: B9 - B10 | C10: Querträger Q2 | D10: Q2-M | E10: rechts | F10: 14.879
A11: VG A5 | B11: A15 - A18 | C11: Querträger Q3 | D11: Q3-M | E11: links | F11: 0.006
A12: VG B25 | B12: B49 - B52 | C12: Querträger Q3 | D12: Q3-M | E12: links | F12: 3.941
A13: VG B26 | B13: B53 - B56 | C13: Querträger Q3 | D13: Q3-M | E13: rechts | F13: 3.97
... A89: VG Ri35 | B89: Ri69 - Ri70 | C89: Innenring | D89: Q1-L | E89: im UZS | F89: 1.903

Sheet Trägerpunkte
A1: Punkt | B1: Typ | C1: Farbe im Plan | D1: Bezugspunkt | E1: X [m] | F1: Y [m]
A2: KA01 | B2: Knick Außenring | C2: weiß-rot | D2: ja | E2: 4.789 | F2: 56.962
A3: KA02 | B3: Knick Außenring | C3: gelb | D3: nein | E3: 12.493 | F3: 53.785
A4: KA03 | B4: Knick Außenring | C4: weiß-rot | D4: ja | E4: 19.333 | F4: 49.488
A5: KA04 | B5: Knick Außenring | C5: gelb | D5: nein | E5: 24.607 | F5: 43.199
A6: KA05 | B6: Knick Außenring | C6: weiß-rot | D6: ja | E6: 28.823 | F6: 37.067
A7: KA06 | B7: Knick Außenring | C7: gelb | D7: nein | E7: 32.376 | F7: 30.639
A8: KA07 | B8: Knick Außenring | C8: weiß-rot | D8: ja | E8: 33.599 | F8: 22.794
A9: KA08 | B9: Knick Außenring | C9: gelb | D9: nein | E9: 33.973 | F9: 15.241
A10: KA09 | B10: Knick Außenring | C10: weiß-rot | D10: ja | E10: 33.937 | F10: -15.997
A11: KA10 | B11: Knick Außenring | C11: gelb | D11: nein | E11: 33.459 | F11: -23.45
A12: KA11 | B12: Knick Außenring | C12: weiß-rot | D12: ja | E12: 32.185 | F12: -31.508
A13: KA12 | B13: Knick Außenring | C13: gelb | D13: nein | E13: 28.295 | F13: -37.704
... A70: Q7-M | B70: Mittelpunkt Querträger | C70: weiß-rot | D70: ja | E70: 0.053 | F70: -33.477
